{
  "evaluated_at": "2026-02-03T10:48:50.650199",
  "n_samples": 450,
  "task_accuracy": {
    "overall": 0.8511111111111112,
    "correct": 383,
    "total": 450,
    "qa": {
      "accuracy": 0.9666666666666667,
      "correct": 145,
      "total": 150
    },
    "summary": {
      "accuracy": 0.7333333333333333,
      "correct": 110,
      "total": 150
    },
    "news": {
      "accuracy": 0.8533333333333334,
      "correct": 128,
      "total": 150
    }
  },
  "detection_rate": {
    "detection_rate": 0.8688888888888889,
    "detected": 391,
    "total": 450
  },
  "confusion_matrix": {
    "qa": {
      "qa": 145,
      "summary": 0,
      "news": 0,
      "none": 5
    },
    "summary": {
      "qa": 7,
      "summary": 110,
      "news": 0,
      "none": 33
    },
    "news": {
      "qa": 1,
      "summary": 0,
      "news": 128,
      "none": 21
    }
  },
  "length_impact": {
    "50": {
      "accuracy": 0.7733333333333333,
      "confidence_avg": 0.6322667407877475,
      "correct": 116,
      "total": 150
    },
    "100": {
      "accuracy": 0.86,
      "confidence_avg": 0.6533055165134912,
      "correct": 129,
      "total": 150
    },
    "200": {
      "accuracy": 0.92,
      "confidence_avg": 0.702074168496447,
      "correct": 138,
      "total": 150
    }
  }
}