{
  "truncation": {
    "1.0": {
      "correct": 380,
      "detected": 381,
      "total": 434,
      "detection_rate": 0.8778801843317973,
      "accuracy": 0.8755760368663594
    },
    "0.75": {
      "correct": 358,
      "detected": 364,
      "total": 434,
      "detection_rate": 0.8387096774193549,
      "accuracy": 0.8248847926267281
    },
    "0.5": {
      "correct": 319,
      "detected": 334,
      "total": 434,
      "detection_rate": 0.7695852534562212,
      "accuracy": 0.7350230414746544
    },
    "0.25": {
      "correct": 218,
      "detected": 289,
      "total": 434,
      "detection_rate": 0.6658986175115207,
      "accuracy": 0.5023041474654378
    }
  },
  "perturbation": {
    "0.0": {
      "correct": 380,
      "detected": 381,
      "total": 434,
      "detection_rate": 0.8778801843317973,
      "accuracy": 0.8755760368663594
    },
    "0.01": {
      "correct": 328,
      "detected": 330,
      "total": 434,
      "detection_rate": 0.7603686635944701,
      "accuracy": 0.7557603686635944
    },
    "0.05": {
      "correct": 295,
      "detected": 297,
      "total": 434,
      "detection_rate": 0.684331797235023,
      "accuracy": 0.6797235023041475
    },
    "0.1": {
      "correct": 296,
      "detected": 298,
      "total": 434,
      "detection_rate": 0.6866359447004609,
      "accuracy": 0.6820276497695853
    },
    "0.2": {
      "correct": 295,
      "detected": 297,
      "total": 434,
      "detection_rate": 0.684331797235023,
      "accuracy": 0.6797235023041475
    }
  },
  "paraphrase": {
    "original": {
      "correct": 380,
      "detected": 381,
      "total": 434,
      "detection_rate": 0.8778801843317973,
      "accuracy": 0.8755760368663594
    },
    "paraphrased": {
      "correct": 129,
      "detected": 395,
      "total": 434,
      "detection_rate": 0.9101382488479263,
      "accuracy": 0.29723502304147464
    }
  }
}